case_id,original_work_author,original_publication_date,exact_edition,exact_translator,translation_publication_date,source_provider,source_url,source_jurisdiction_note,original_text_rights_status,translation_rights_status,public_redistribution_status,repository_publication_status,private_source_text_hash,private_source_packet_hash,rights_basis,notes
L1_AUSTEN_PNP_001,Jane Austen,1813,"Project Gutenberg eBook #1342, English public-domain edition",not_applicable,not_applicable,Project Gutenberg,https://www.gutenberg.org/cache/epub/1342/pg1342.txt,United States public-domain source indications require jurisdiction-specific and edition-specific review before public redistribution.,public_domain_likely_by_publication_date_pending_jurisdiction_review,not_applicable,not_confirmed_pending_rights_review,metadata_only_text_redacted,71502942b371370c9537d9c820fce7423cb3e794df2154e7338d282e5d808757,d5294cdfea60248b5bf0d37065a19c8a951b90e9dc41911609e3671e0b14243d,"Project Gutenberg/source metadata is recorded, but not treated as sufficient proof of public redistribution rights for this PR.",Full text removed from public PR pending source-specific rights review.
L1_BRONTE_JE_001,Charlotte Bronte,1847,"Project Gutenberg eBook #1260, English public-domain edition",not_applicable,not_applicable,Project Gutenberg,https://www.gutenberg.org/cache/epub/1260/pg1260.txt,United States public-domain source indications require jurisdiction-specific and edition-specific review before public redistribution.,public_domain_likely_by_publication_date_pending_jurisdiction_review,not_applicable,not_confirmed_pending_rights_review,metadata_only_text_redacted,8d7b71caead92b9304a02452eb9b87e2ff8eebd22541b053ec2c411c870a0438,fb0a1010d32b269dd0710e06f1562660ae9276dea3be50a105aaf3da60762bb8,"Project Gutenberg/source metadata is recorded, but not treated as sufficient proof of public redistribution rights for this PR.",Full text removed from public PR pending source-specific rights review.
L1_CHOPIN_AWAKENING_001,Kate Chopin,1899,"Project Gutenberg eBook #160, English public-domain edition",not_applicable,not_applicable,Project Gutenberg,https://www.gutenberg.org/cache/epub/160/pg160.txt,United States public-domain source indications require jurisdiction-specific and edition-specific review before public redistribution.,public_domain_likely_by_publication_date_pending_jurisdiction_review,not_applicable,not_confirmed_pending_rights_review,metadata_only_text_redacted,8211ffd9ca3d2db82ae5c6d5c2bdf3f4dc1fae4fbe554e6fe197a551ac939642,3163a60bb350678cdc78f4833ac27c05f65c3d19129b386c4a9c82e3271474e8,"Project Gutenberg/source metadata is recorded, but not treated as sufficient proof of public redistribution rights for this PR.",Full text removed from public PR pending source-specific rights review.
L1_COLLINS_MOONSTONE_001,Wilkie Collins,1868,"Project Gutenberg eBook #155, English public-domain edition",not_applicable,not_applicable,Project Gutenberg,https://www.gutenberg.org/cache/epub/155/pg155.txt,United States public-domain source indications require jurisdiction-specific and edition-specific review before public redistribution.,public_domain_likely_by_publication_date_pending_jurisdiction_review,not_applicable,not_confirmed_pending_rights_review,metadata_only_text_redacted,88fc0226132892838989602f29db7daa1ac59e411bc5c90b1ee47e9e44a6be73,56897b26c511fdeca02aa44671e61cd443d6c612af1d03684f4e02d01f9340d3,"Project Gutenberg/source metadata is recorded, but not treated as sufficient proof of public redistribution rights for this PR.",Full text removed from public PR pending source-specific rights review.
L1_CONRAD_SECRET_001,Joseph Conrad,1910,"Project Gutenberg eBook #220, English public-domain edition",not_applicable,not_applicable,Project Gutenberg,https://www.gutenberg.org/cache/epub/220/pg220.txt,United States public-domain source indications require jurisdiction-specific and edition-specific review before public redistribution.,public_domain_likely_by_publication_date_pending_jurisdiction_review,not_applicable,not_confirmed_pending_rights_review,metadata_only_text_redacted,ddf68422a3cd9832cd4e18cd002aaddde0494c9694a1ee7fa0da5390adf99dc0,a5583356c28dc2a724b35e000eeb0b6479ad464b18280b545e6df1ccbf5c2097,"Project Gutenberg/source metadata is recorded, but not treated as sufficient proof of public redistribution rights for this PR.",Full text removed from public PR pending source-specific rights review.
L1_DICKENS_GE_001,Charles Dickens,1860-1861,"Project Gutenberg eBook #1400, English public-domain edition",not_applicable,not_applicable,Project Gutenberg,https://www.gutenberg.org/cache/epub/1400/pg1400.txt,United States public-domain source indications require jurisdiction-specific and edition-specific review before public redistribution.,public_domain_likely_by_publication_date_pending_jurisdiction_review,not_applicable,not_confirmed_pending_rights_review,metadata_only_text_redacted,2d29b52e6e37a15ec602bc9493f1aa5f2888a05ea9be0c9a07aeb9c1561f092f,0c2561c6bd4d07a8479341fb6230d4a10906a08d89f2fcc7c4ac199de58bc491,"Project Gutenberg/source metadata is recorded, but not treated as sufficient proof of public redistribution rights for this PR.",Full text removed from public PR pending source-specific rights review.
L1_HARDY_TESS_001,Thomas Hardy,1891,"Project Gutenberg eBook #110, English public-domain edition",not_applicable,not_applicable,Project Gutenberg,https://www.gutenberg.org/cache/epub/110/pg110.txt,United States public-domain source indications require jurisdiction-specific and edition-specific review before public redistribution.,public_domain_likely_by_publication_date_pending_jurisdiction_review,not_applicable,not_confirmed_pending_rights_review,metadata_only_text_redacted,7ada1f998dbc83ac72ea2091507a0a6fe9648724d3c687e4965a945bcbbb52dd,7c2de07aa1d61743d107b0711b1d20321b927f241cc08322df97a723c8d256ba,"Project Gutenberg/source metadata is recorded, but not treated as sufficient proof of public redistribution rights for this PR.",Full text removed from public PR pending source-specific rights review.
L1_HAWTHORNE_SL_001,Nathaniel Hawthorne,1850,"Project Gutenberg eBook #25344, English public-domain edition",not_applicable,not_applicable,Project Gutenberg,https://www.gutenberg.org/cache/epub/25344/pg25344.txt,United States public-domain source indications require jurisdiction-specific and edition-specific review before public redistribution.,public_domain_likely_by_publication_date_pending_jurisdiction_review,not_applicable,not_confirmed_pending_rights_review,metadata_only_text_redacted,ea4a11048e85022263c79853aa85e428eb04e188d62436636dc5e56a1f86487f,47551db63da2ace72657edd9b4c1c84ec4e53fbad2c721f689427c2b07e5e9b2,"Project Gutenberg/source metadata is recorded, but not treated as sufficient proof of public redistribution rights for this PR.",Full text removed from public PR pending source-specific rights review.
L1_JAMES_TS_001,Henry James,1898,"Project Gutenberg eBook #209, English public-domain edition",not_applicable,not_applicable,Project Gutenberg,https://www.gutenberg.org/cache/epub/209/pg209.txt,United States public-domain source indications require jurisdiction-specific and edition-specific review before public redistribution.,public_domain_likely_by_publication_date_pending_jurisdiction_review,not_applicable,not_confirmed_pending_rights_review,metadata_only_text_redacted,3146717475ee33bc35ff84d1318e0612b03379251e44e3c9e335fdc49c9cd230,4216519022d0c44dc5636c8aa7eaed5f3a3a2941eb60e7672bfc2ce42c254430,"Project Gutenberg/source metadata is recorded, but not treated as sufficient proof of public redistribution rights for this PR.",Full text removed from public PR pending source-specific rights review.
L1_MELVILLE_BARTLEBY_001,Herman Melville,1853,"Project Gutenberg eBook #11231, English public-domain edition",not_applicable,not_applicable,Project Gutenberg,https://www.gutenberg.org/cache/epub/11231/pg11231.txt,United States public-domain source indications require jurisdiction-specific and edition-specific review before public redistribution.,public_domain_likely_by_publication_date_pending_jurisdiction_review,not_applicable,not_confirmed_pending_rights_review,metadata_only_text_redacted,949415e66a12f3f22e630ee0643ee68a9757d5d6811ff4bbbef22205dc73cc93,289129f75b5b4aeb571d6adca693d22c5f83d76aa785ffa7b58ac247b273f65b,"Project Gutenberg/source metadata is recorded, but not treated as sufficient proof of public redistribution rights for this PR.",Full text removed from public PR pending source-specific rights review.
L1_POE_TELLTALE_001,Edgar Allan Poe,1843,"Project Gutenberg eBook #2148, English public-domain Poe edition",not_applicable,not_applicable,Project Gutenberg,https://www.gutenberg.org/cache/epub/2148/pg2148.txt,United States public-domain source indications require jurisdiction-specific and edition-specific review before public redistribution.,public_domain_likely_by_publication_date_pending_jurisdiction_review,not_applicable,not_confirmed_pending_rights_review,metadata_only_text_redacted,6ce8960fe2e1ccae41942792420e76a7f072478b28d856fb41ae8fd5a6b89c8a,215ed1bebdf4432f32ed3a4b08c9dbd1a8a416c8c358ec61ddbe4b4a46a533ef,"Project Gutenberg/source metadata is recorded, but not treated as sufficient proof of public redistribution rights for this PR.",Full text removed from public PR pending source-specific rights review.
L1_SHELLEY_FRANK_001,Mary Wollstonecraft Shelley,1818/1831,"Project Gutenberg eBook #84, English public-domain edition",not_applicable,not_applicable,Project Gutenberg,https://www.gutenberg.org/cache/epub/84/pg84.txt,United States public-domain source indications require jurisdiction-specific and edition-specific review before public redistribution.,public_domain_likely_by_publication_date_pending_jurisdiction_review,not_applicable,not_confirmed_pending_rights_review,metadata_only_text_redacted,6d6e6a5fb74189673b173b98cc6714835f087776cbd7768ab65de9e038c27036,0cf97a18383b85b0078afc80cc9b2199a7383bf05e843a4bdb157cbe2fcac69c,"Project Gutenberg/source metadata is recorded, but not treated as sufficient proof of public redistribution rights for this PR.",Full text removed from public PR pending source-specific rights review.
L1_STEVENSON_JH_001,Robert Louis Stevenson,1886,"Project Gutenberg eBook #43, English public-domain edition",not_applicable,not_applicable,Project Gutenberg,https://www.gutenberg.org/cache/epub/43/pg43.txt,United States public-domain source indications require jurisdiction-specific and edition-specific review before public redistribution.,public_domain_likely_by_publication_date_pending_jurisdiction_review,not_applicable,not_confirmed_pending_rights_review,metadata_only_text_redacted,f1667a3dd1174124e93b83c27f4255f68cd0dcfb49bcecc3a70fdf25cf10baea,9886ad2ebc49cd9844396adc573642e91db26e06497227903b6e4deb29005a69,"Project Gutenberg/source metadata is recorded, but not treated as sufficient proof of public redistribution rights for this PR.",Full text removed from public PR pending source-specific rights review.
L1_WHARTON_MIRTH_001,Edith Wharton,1905,"Project Gutenberg eBook #284, English public-domain edition",not_applicable,not_applicable,Project Gutenberg,https://www.gutenberg.org/cache/epub/284/pg284.txt,United States public-domain source indications require jurisdiction-specific and edition-specific review before public redistribution.,public_domain_likely_by_publication_date_pending_jurisdiction_review,not_applicable,not_confirmed_pending_rights_review,metadata_only_text_redacted,606505e6d8076c8b5b999973cc17ad111cd2d38e8f604620154b7637b25b6346,f9280c74ec617a438fa3f65f932a9b5a1bb9fc411e14d4d962dd4efe190a3433,"Project Gutenberg/source metadata is recorded, but not treated as sufficient proof of public redistribution rights for this PR.",Full text removed from public PR pending source-specific rights review.
L1_WILDE_DG_001,Oscar Wilde,1890/1891,"Project Gutenberg eBook #174, English public-domain edition",not_applicable,not_applicable,Project Gutenberg,https://www.gutenberg.org/cache/epub/174/pg174.txt,United States public-domain source indications require jurisdiction-specific and edition-specific review before public redistribution.,public_domain_likely_by_publication_date_pending_jurisdiction_review,not_applicable,not_confirmed_pending_rights_review,metadata_only_text_redacted,3d519db6ae0da4fc49c71ccb8ca696dc75cd0709f9bf9ad910181d8dc60cb1bd,a7c1ea478fef30ce8afe0739dfaf1030453ddd51966bd477738a5e5a80615343,"Project Gutenberg/source metadata is recorded, but not treated as sufficient proof of public redistribution rights for this PR.",Full text removed from public PR pending source-specific rights review.
L2_AESOP_001,Aesop / fable tradition,classical/ancient tradition,"Project Gutenberg eBook #21, Three Hundred Aesop’s Fables",not_resolved_in_current_public_metadata_pending_rights_review,not_resolved_in_current_public_metadata_pending_rights_review,Project Gutenberg,https://www.gutenberg.org/cache/epub/21/pg21.txt,United States public-domain source indications require jurisdiction-specific and edition-specific review before public redistribution.,public_domain_likely_by_publication_date_pending_jurisdiction_review,translation_rights_not_independently_verified_pending_review,not_confirmed_pending_rights_review,metadata_only_text_redacted,ddc09da520ef44cade680d9328129c75a071426454442819c56d5efadbccc467,1f7e7e97f96528c997c6094106a7d5db7d21f0040336930c2849b60ab8d179a2,"Project Gutenberg/source metadata is recorded, but not treated as sufficient proof of public redistribution rights for this PR.",Full text removed from public PR pending source-specific rights review.
L2_ARABIAN_NIGHTS_001,Arabic/Persian frame-tale tradition,medieval/early modern tradition,"Project Gutenberg eBook #128, The Arabian Nights Entertainments",not_resolved_in_current_public_metadata_pending_rights_review,not_resolved_in_current_public_metadata_pending_rights_review,Project Gutenberg,https://www.gutenberg.org/cache/epub/128/pg128.txt,United States public-domain source indications require jurisdiction-specific and edition-specific review before public redistribution.,public_domain_likely_by_publication_date_pending_jurisdiction_review,translation_rights_not_independently_verified_pending_review,not_confirmed_pending_rights_review,metadata_only_text_redacted,4bc1a0424344ee3961d3bd9621d580ab4207a2b0043cc91d6cc9426ca1725e90,bd11b79c6862eaad5d64d81d4c3fc61ddc60ed9916d6dad231ff1814b6b3ed82,"Project Gutenberg/source metadata is recorded, but not treated as sufficient proof of public redistribution rights for this PR.",Full text removed from public PR pending source-specific rights review.
L2_BEOWULF_DRAGON_001,anonymous Old English poet/tradition,early medieval,"Project Gutenberg eBook #16328, Francis B. Gummere translation",Francis B. Gummere,1909/1910 public-domain translation; exact publication basis requires rights confirmation,Project Gutenberg,https://www.gutenberg.org/cache/epub/16328/pg16328.txt,United States public-domain source indications require jurisdiction-specific and edition-specific review before public redistribution.,public_domain_likely_by_publication_date_pending_jurisdiction_review,translation_rights_not_independently_verified_pending_review,not_confirmed_pending_rights_review,metadata_only_text_redacted,903ec8fb2700929fa3934fe415a90a62ddeb16faeea41f0a13a67a7fa3e9784e,039070324ba667dbe267a1089943b6caa58b3c9dfe4a4f94f856926960a2841b,"Project Gutenberg/source metadata is recorded, but not treated as sufficient proof of public redistribution rights for this PR.",Full text removed from public PR pending source-specific rights review.
L2_BIBLE_GENESIS_001,Biblical Hebrew tradition,ancient text; KJV 1611,"Project Gutenberg eBook #10, King James Version Old Testament text",King James Version translation committee,1611 translation; jurisdiction-specific Crown/copyright status requires review,Project Gutenberg,https://www.gutenberg.org/files/10/10-0.txt,United States public-domain source indications require jurisdiction-specific and edition-specific review before public redistribution.,public_domain_likely_by_publication_date_pending_jurisdiction_review,translation_rights_not_independently_verified_pending_review,not_confirmed_pending_rights_review,metadata_only_text_redacted,aab83d09bebf1f2f8e98ea81642eeac68432650eb46cfe2720aa4ea147833cd3,d2d812795d52f0af94e87d187fdd600435f4b4cb506368beb63aae3405cfdbb9,"Project Gutenberg/source metadata is recorded, but not treated as sufficient proof of public redistribution rights for this PR.",Full text removed from public PR pending source-specific rights review.
L2_BIBLE_SAMUEL_001,Biblical Hebrew tradition,ancient text; KJV 1611,"Project Gutenberg eBook #10, King James Version Old Testament text",King James Version translation committee,1611 translation; jurisdiction-specific Crown/copyright status requires review,Project Gutenberg,https://www.gutenberg.org/files/10/10-0.txt,United States public-domain source indications require jurisdiction-specific and edition-specific review before public redistribution.,public_domain_likely_by_publication_date_pending_jurisdiction_review,translation_rights_not_independently_verified_pending_review,not_confirmed_pending_rights_review,metadata_only_text_redacted,431f1405348ebe23f5fd8f31f367afc02312c998f2ff2389ebba1c6f7713fbb6,50fc0e2ef2ead553323ed682f185871dd5cb700f2449c14bc6aec726e2920a02,"Project Gutenberg/source metadata is recorded, but not treated as sufficient proof of public redistribution rights for this PR.",Full text removed from public PR pending source-specific rights review.
L2_HERODOTUS_SCYTHIAN_001,Herodotus,c. fifth century BCE,"Project Gutenberg eBook #2707, George Rawlinson translation",George Rawlinson,nineteenth-century translation; exact edition basis requires rights confirmation,Project Gutenberg,https://www.gutenberg.org/cache/epub/2707/pg2707.txt,United States public-domain source indications require jurisdiction-specific and edition-specific review before public redistribution.,public_domain_likely_by_publication_date_pending_jurisdiction_review,translation_rights_not_independently_verified_pending_review,not_confirmed_pending_rights_review,metadata_only_text_redacted,dcd190447123e3e10e5ac07ce956b9f9e574d97d235bee3a8b525cbe293307a0,75aad061e977a3c505bf4755378b6eddeb73963da82531ccfdee414883298ad7,"Project Gutenberg/source metadata is recorded, but not treated as sufficient proof of public redistribution rights for this PR.",Full text removed from public PR pending source-specific rights review.
L2_HOMER_ODYSSEY_001,Homeric tradition,ancient Greek epic,"Project Gutenberg eBook #1727, Samuel Butler translation",Samuel Butler,1900 public-domain translation; exact edition basis requires rights confirmation,Project Gutenberg,https://www.gutenberg.org/cache/epub/1727/pg1727.txt,United States public-domain source indications require jurisdiction-specific and edition-specific review before public redistribution.,public_domain_likely_by_publication_date_pending_jurisdiction_review,translation_rights_not_independently_verified_pending_review,not_confirmed_pending_rights_review,metadata_only_text_redacted,1d2781556f6b9be194373c7758ff4bff9b4044d517b3cda0a3b55a6578295511,a73822176877845585495fae3c5f1eb6df850c5aa63198f99e0546fcd16cb046,"Project Gutenberg/source metadata is recorded, but not treated as sufficient proof of public redistribution rights for this PR.",Full text removed from public PR pending source-specific rights review.
L2_MALORY_MORTE_001,Thomas Malory,1485,"Project Gutenberg eBook #1251, Le Morte d’Arthur: Volume 1",not_resolved_in_current_public_metadata_pending_rights_review,not_resolved_in_current_public_metadata_pending_rights_review,Project Gutenberg,https://www.gutenberg.org/cache/epub/1251/pg1251.txt,United States public-domain source indications require jurisdiction-specific and edition-specific review before public redistribution.,public_domain_likely_by_publication_date_pending_jurisdiction_review,translation_rights_not_independently_verified_pending_review,not_confirmed_pending_rights_review,metadata_only_text_redacted,a645678ce59e01b95ed7f3eb73a222579d0d463121c7d0e7088422ea90b8cb97,bf01b657a4b82ecd01d81c8d5dc6e785908f565bb936f0cc0a56dcd576d0f2aa,"Project Gutenberg/source metadata is recorded, but not treated as sufficient proof of public redistribution rights for this PR.",Full text removed from public PR pending source-specific rights review.
L2_OVID_DAPHNE_001,Ovid,c. 8 CE,"Project Gutenberg eBook #21765, The Metamorphoses of Ovid, Books I-VII",not_resolved_in_current_public_metadata_pending_rights_review,not_resolved_in_current_public_metadata_pending_rights_review,Project Gutenberg,https://www.gutenberg.org/cache/epub/21765/pg21765.txt,United States public-domain source indications require jurisdiction-specific and edition-specific review before public redistribution.,public_domain_likely_by_publication_date_pending_jurisdiction_review,translation_rights_not_independently_verified_pending_review,not_confirmed_pending_rights_review,metadata_only_text_redacted,16637ccfbc68746be0b7d397294b8d4fea2097f7a376d0e91ebf50058d8f92a2,ac3ef631583ff1c13500c83685eb1bb992b30e13a7b9cd6b4b45f5b61657f781,"Project Gutenberg/source metadata is recorded, but not treated as sufficient proof of public redistribution rights for this PR.",Full text removed from public PR pending source-specific rights review.
L2_SOPHOCLES_ANTIGONE_001,Sophocles,c. 441 BCE,"Project Gutenberg eBook #31, public-domain English translation",not_resolved_in_current_public_metadata_pending_rights_review,not_resolved_in_current_public_metadata_pending_rights_review,Project Gutenberg,https://www.gutenberg.org/cache/epub/31/pg31.txt,United States public-domain source indications require jurisdiction-specific and edition-specific review before public redistribution.,public_domain_likely_by_publication_date_pending_jurisdiction_review,translation_rights_not_independently_verified_pending_review,not_confirmed_pending_rights_review,metadata_only_text_redacted,44717822941f4e8fd7c08f067795c0f99e8a866fd54e0aa066d46950b980df09,fcd3fb2894da6f8210116cc745c0508558926a5af3cb2432b1286e2ebf338ec8,"Project Gutenberg/source metadata is recorded, but not treated as sufficient proof of public redistribution rights for this PR.",Full text removed from public PR pending source-specific rights review.
