candidate_id,source_universe_id,source_tradition,source_work,edition_or_version,source_language,canonical_text_status,translation_or_gloss_status,translation_or_gloss_provenance,candidate_span,approximate_case_length,context_window_rule,prior_demo_use,prior_manual_use,manual_development_influence,researcher_prior_analysis,researcher_familiarity_level,eligible,inclusion_status,exclusion_reason_code,selection_rationale,selector,selection_timestamp,label_information_visible_at_selection,rights_status,rights_basis,source_retrieval_date,source_text_hash,provenance_manifest_reference,notes,terminal_category,eligibility_exclusion_reason_code,non_selection_reason_code,familiarity_audit_status
L1_AUSTEN_PNP_001,L1_PG_HELD_OUT_NARRATIVE_2026_07_02,English nineteenth-century fiction,"Jane Austen, Pride and Prejudice","Project Gutenberg eBook #1342, English public-domain edition",English,frozen_packet_text_layer_normalized_from_retrieved_project_gutenberg_lines,not_applicable,Original English text from Project Gutenberg public-domain edition,"Chapter 6, Darcy’s changing attention to Elizabeth Bennet",194 words,focal paragraph plus adjacent transition,no,no,none_known,no_known_prior_analysis,prior_casual_reading,yes,selected,,"Eligible under frozen packet, rights, and identical text-layer rules; retained because eligible count matched target layer size after exclusions, without anticipated labels.",author-assisted internal selection,2026-07-02T12:00:00+10:00,no friction_locus labels inferred or used,public_domain_us_project_gutenberg_or_public_domain_translation,Project Gutenberg public-domain source text or public-domain translation cited; source-specific rights review still required before public redistribution outside study review.,2026-07-02,71502942b371370c9537d9c820fce7423cb3e794df2154e7338d282e5d808757,data/studies/human_llm_pilot/source_packets/L1_AUSTEN_PNP_001.json,Selected before human coding and before model execution; model familiarity is not knowable and is not claimed absent.,selected,,,author_confirmation_required_before_execution
L1_SHELLEY_FRANK_001,L1_PG_HELD_OUT_NARRATIVE_2026_07_02,English Gothic fiction,"Mary Wollstonecraft Shelley, Frankenstein; or, The Modern Prometheus","Project Gutenberg eBook #84, English public-domain edition",English,frozen_packet_text_layer_normalized_from_retrieved_project_gutenberg_lines,not_applicable,Original English text from Project Gutenberg public-domain edition,Creature confronts Victor and demands to be heard,175 words,focal confrontation speech plus Victor’s immediate address,no,no,none_known,no_known_prior_analysis,prior_casual_reading,yes,selected,,"Eligible under frozen packet, rights, and identical text-layer rules; retained because eligible count matched target layer size after exclusions, without anticipated labels.",author-assisted internal selection,2026-07-02T12:00:00+10:00,no friction_locus labels inferred or used,public_domain_us_project_gutenberg_or_public_domain_translation,Project Gutenberg public-domain source text or public-domain translation cited; source-specific rights review still required before public redistribution outside study review.,2026-07-02,6d6e6a5fb74189673b173b98cc6714835f087776cbd7768ab65de9e038c27036,data/studies/human_llm_pilot/source_packets/L1_SHELLEY_FRANK_001.json,Selected before human coding and before model execution; model familiarity is not knowable and is not claimed absent.,selected,,,author_confirmation_required_before_execution
L1_DICKENS_GE_001,L1_PG_HELD_OUT_NARRATIVE_2026_07_02,Victorian fiction,"Charles Dickens, Great Expectations","Project Gutenberg eBook #1400, English public-domain edition",English,frozen_packet_text_layer_normalized_from_retrieved_project_gutenberg_lines,not_applicable,Original English text from Project Gutenberg public-domain edition,Magwitch reveals his relation to Pip,397 words,focal revelation plus immediate reaction and kinship claim,no,no,none_known,no_known_prior_analysis,prior_casual_reading,yes,selected,,"Eligible under frozen packet, rights, and identical text-layer rules; retained because eligible count matched target layer size after exclusions, without anticipated labels.",author-assisted internal selection,2026-07-02T12:00:00+10:00,no friction_locus labels inferred or used,public_domain_us_project_gutenberg_or_public_domain_translation,Project Gutenberg public-domain source text or public-domain translation cited; source-specific rights review still required before public redistribution outside study review.,2026-07-02,2d29b52e6e37a15ec602bc9493f1aa5f2888a05ea9be0c9a07aeb9c1561f092f,data/studies/human_llm_pilot/source_packets/L1_DICKENS_GE_001.json,Selected before human coding and before model execution; model familiarity is not knowable and is not claimed absent.,selected,,,author_confirmation_required_before_execution
L1_BRONTE_JE_001,L1_PG_HELD_OUT_NARRATIVE_2026_07_02,Victorian fiction,"Charlotte Bronte, Jane Eyre","Project Gutenberg eBook #1260, English public-domain edition",English,frozen_packet_text_layer_normalized_from_retrieved_project_gutenberg_lines,not_applicable,Original English text from Project Gutenberg public-domain edition,Jane refuses to abandon principle under temptation,220 words,focal moral decision plus inner appeal,no,no,none_known,no_known_prior_analysis,prior_casual_reading,yes,selected,,"Eligible under frozen packet, rights, and identical text-layer rules; retained because eligible count matched target layer size after exclusions, without anticipated labels.",author-assisted internal selection,2026-07-02T12:00:00+10:00,no friction_locus labels inferred or used,public_domain_us_project_gutenberg_or_public_domain_translation,Project Gutenberg public-domain source text or public-domain translation cited; source-specific rights review still required before public redistribution outside study review.,2026-07-02,8d7b71caead92b9304a02452eb9b87e2ff8eebd22541b053ec2c411c870a0438,data/studies/human_llm_pilot/source_packets/L1_BRONTE_JE_001.json,Selected before human coding and before model execution; model familiarity is not knowable and is not claimed absent.,selected,,,author_confirmation_required_before_execution
L1_WILDE_DG_001,L1_PG_HELD_OUT_NARRATIVE_2026_07_02,Late Victorian fiction,"Oscar Wilde, The Picture of Dorian Gray","Project Gutenberg eBook #174, English public-domain edition",English,frozen_packet_text_layer_normalized_from_retrieved_project_gutenberg_lines,not_applicable,Original English text from Project Gutenberg public-domain edition,Dorian wishes the portrait would age instead of him,96 words,focal wish and immediate utterance,no,no,none_known,no_known_prior_analysis,prior_casual_reading,yes,selected,,"Eligible under frozen packet, rights, and identical text-layer rules; retained because eligible count matched target layer size after exclusions, without anticipated labels.",author-assisted internal selection,2026-07-02T12:00:00+10:00,no friction_locus labels inferred or used,public_domain_us_project_gutenberg_or_public_domain_translation,Project Gutenberg public-domain source text or public-domain translation cited; source-specific rights review still required before public redistribution outside study review.,2026-07-02,3d519db6ae0da4fc49c71ccb8ca696dc75cd0709f9bf9ad910181d8dc60cb1bd,data/studies/human_llm_pilot/source_packets/L1_WILDE_DG_001.json,Selected before human coding and before model execution; model familiarity is not knowable and is not claimed absent.,selected,,,author_confirmation_required_before_execution
L1_JAMES_TS_001,L1_PG_HELD_OUT_NARRATIVE_2026_07_02,Late nineteenth-century psychological fiction,"Henry James, The Turn of the Screw","Project Gutenberg eBook #209, English public-domain edition",English,frozen_packet_text_layer_normalized_from_retrieved_project_gutenberg_lines,not_applicable,Original English text from Project Gutenberg public-domain edition,The governess reports a figure at the tower,203 words,focal sighting plus immediate perception report,no,no,none_known,no_known_prior_analysis,prior_casual_reading,yes,selected,,"Eligible under frozen packet, rights, and identical text-layer rules; retained because eligible count matched target layer size after exclusions, without anticipated labels.",author-assisted internal selection,2026-07-02T12:00:00+10:00,no friction_locus labels inferred or used,public_domain_us_project_gutenberg_or_public_domain_translation,Project Gutenberg public-domain source text or public-domain translation cited; source-specific rights review still required before public redistribution outside study review.,2026-07-02,3146717475ee33bc35ff84d1318e0612b03379251e44e3c9e335fdc49c9cd230,data/studies/human_llm_pilot/source_packets/L1_JAMES_TS_001.json,Selected before human coding and before model execution; model familiarity is not knowable and is not claimed absent.,selected,,,author_confirmation_required_before_execution
L1_STEVENSON_JH_001,L1_PG_HELD_OUT_NARRATIVE_2026_07_02,Late Victorian Gothic fiction,"Robert Louis Stevenson, Strange Case of Dr Jekyll and Mr Hyde","Project Gutenberg eBook #43, English public-domain edition",English,frozen_packet_text_layer_normalized_from_retrieved_project_gutenberg_lines,not_applicable,Original English text from Project Gutenberg public-domain edition,Utterson watches for Hyde,164 words,focal inference line plus adjacent surveillance context,no,no,none_known,no_known_prior_analysis,prior_casual_reading,yes,selected,,"Eligible under frozen packet, rights, and identical text-layer rules; retained because eligible count matched target layer size after exclusions, without anticipated labels.",author-assisted internal selection,2026-07-02T12:00:00+10:00,no friction_locus labels inferred or used,public_domain_us_project_gutenberg_or_public_domain_translation,Project Gutenberg public-domain source text or public-domain translation cited; source-specific rights review still required before public redistribution outside study review.,2026-07-02,f1667a3dd1174124e93b83c27f4255f68cd0dcfb49bcecc3a70fdf25cf10baea,data/studies/human_llm_pilot/source_packets/L1_STEVENSON_JH_001.json,Selected before human coding and before model execution; model familiarity is not knowable and is not claimed absent.,selected,,,author_confirmation_required_before_execution
L1_POE_TELLTALE_001,L1_PG_HELD_OUT_NARRATIVE_2026_07_02,American Gothic fiction,"Edgar Allan Poe, The Tell-Tale Heart","Project Gutenberg eBook #2148, English public-domain Poe edition",English,frozen_packet_text_layer_normalized_from_retrieved_project_gutenberg_lines,not_applicable,Original English text from Project Gutenberg public-domain edition,Narrator insists on sanity while beginning confession,163 words,opening self-justification and stated motive,no,no,none_known,no_known_prior_analysis,prior_casual_reading,yes,selected,,"Eligible under frozen packet, rights, and identical text-layer rules; retained because eligible count matched target layer size after exclusions, without anticipated labels.",author-assisted internal selection,2026-07-02T12:00:00+10:00,no friction_locus labels inferred or used,public_domain_us_project_gutenberg_or_public_domain_translation,Project Gutenberg public-domain source text or public-domain translation cited; source-specific rights review still required before public redistribution outside study review.,2026-07-02,6ce8960fe2e1ccae41942792420e76a7f072478b28d856fb41ae8fd5a6b89c8a,data/studies/human_llm_pilot/source_packets/L1_POE_TELLTALE_001.json,Selected before human coding and before model execution; model familiarity is not knowable and is not claimed absent.,selected,,,author_confirmation_required_before_execution
L1_HAWTHORNE_SL_001,L1_PG_HELD_OUT_NARRATIVE_2026_07_02,American romance fiction,"Nathaniel Hawthorne, The Scarlet Letter","Project Gutenberg eBook #25344, English public-domain edition",English,frozen_packet_text_layer_normalized_from_retrieved_project_gutenberg_lines,not_applicable,Original English text from Project Gutenberg public-domain edition,Hester’s public scaffold appearance,203 words,focal scaffold description plus immediate physical/narrative framing,no,no,none_known,no_known_prior_analysis,title_general_cultural_familiarity_only,yes,selected,,"Eligible under frozen packet, rights, and identical text-layer rules; retained because eligible count matched target layer size after exclusions, without anticipated labels.",author-assisted internal selection,2026-07-02T12:00:00+10:00,no friction_locus labels inferred or used,public_domain_us_project_gutenberg_or_public_domain_translation,Project Gutenberg public-domain source text or public-domain translation cited; source-specific rights review still required before public redistribution outside study review.,2026-07-02,ea4a11048e85022263c79853aa85e428eb04e188d62436636dc5e56a1f86487f,data/studies/human_llm_pilot/source_packets/L1_HAWTHORNE_SL_001.json,Selected before human coding and before model execution; model familiarity is not knowable and is not claimed absent.,selected,,,author_confirmation_required_before_execution
L1_CHOPIN_AWAKENING_001,L1_PG_HELD_OUT_NARRATIVE_2026_07_02,American realist fiction,"Kate Chopin, The Awakening","Project Gutenberg eBook #160, English public-domain edition",English,frozen_packet_text_layer_normalized_from_retrieved_project_gutenberg_lines,not_applicable,Original English text from Project Gutenberg public-domain edition,The sea voice and inward awakening motif,89 words,focal thematic passage plus immediate transition,no,no,none_known,no_known_prior_analysis,title_general_cultural_familiarity_only,yes,selected,,"Eligible under frozen packet, rights, and identical text-layer rules; retained because eligible count matched target layer size after exclusions, without anticipated labels.",author-assisted internal selection,2026-07-02T12:00:00+10:00,no friction_locus labels inferred or used,public_domain_us_project_gutenberg_or_public_domain_translation,Project Gutenberg public-domain source text or public-domain translation cited; source-specific rights review still required before public redistribution outside study review.,2026-07-02,8211ffd9ca3d2db82ae5c6d5c2bdf3f4dc1fae4fbe554e6fe197a551ac939642,data/studies/human_llm_pilot/source_packets/L1_CHOPIN_AWAKENING_001.json,Selected before human coding and before model execution; model familiarity is not knowable and is not claimed absent.,selected,,,author_confirmation_required_before_execution
L1_HARDY_TESS_001,L1_PG_HELD_OUT_NARRATIVE_2026_07_02,Late Victorian fiction,"Thomas Hardy, Tess of the d’Urbervilles","Project Gutenberg eBook #110, English public-domain edition",English,frozen_packet_text_layer_normalized_from_retrieved_project_gutenberg_lines,not_applicable,Original English text from Project Gutenberg public-domain edition,Narratorial explanation after The Chase episode,143 words,focal narratorial qualification plus inherited-retribution frame,no,no,none_known,no_known_prior_analysis,title_general_cultural_familiarity_only,yes,selected,,"Eligible under frozen packet, rights, and identical text-layer rules; retained because eligible count matched target layer size after exclusions, without anticipated labels.",author-assisted internal selection,2026-07-02T12:00:00+10:00,no friction_locus labels inferred or used,public_domain_us_project_gutenberg_or_public_domain_translation,Project Gutenberg public-domain source text or public-domain translation cited; source-specific rights review still required before public redistribution outside study review.,2026-07-02,7ada1f998dbc83ac72ea2091507a0a6fe9648724d3c687e4965a945bcbbb52dd,data/studies/human_llm_pilot/source_packets/L1_HARDY_TESS_001.json,Selected before human coding and before model execution; model familiarity is not knowable and is not claimed absent.,selected,,,author_confirmation_required_before_execution
L1_MELVILLE_BARTLEBY_001,L1_PG_HELD_OUT_NARRATIVE_2026_07_02,American nineteenth-century fiction,"Herman Melville, Bartleby, the Scrivener","Project Gutenberg eBook #11231, English public-domain edition",English,frozen_packet_text_layer_normalized_from_retrieved_project_gutenberg_lines,not_applicable,Original English text from Project Gutenberg public-domain edition,Bartleby’s first refusal,203 words,focal office exchange plus immediate narrator reaction,no,no,none_known,no_known_prior_analysis,prior_casual_reading,yes,selected,,"Eligible under frozen packet, rights, and identical text-layer rules; retained because eligible count matched target layer size after exclusions, without anticipated labels.",author-assisted internal selection,2026-07-02T12:00:00+10:00,no friction_locus labels inferred or used,public_domain_us_project_gutenberg_or_public_domain_translation,Project Gutenberg public-domain source text or public-domain translation cited; source-specific rights review still required before public redistribution outside study review.,2026-07-02,949415e66a12f3f22e630ee0643ee68a9757d5d6811ff4bbbef22205dc73cc93,data/studies/human_llm_pilot/source_packets/L1_MELVILLE_BARTLEBY_001.json,Selected before human coding and before model execution; model familiarity is not knowable and is not claimed absent.,selected,,,author_confirmation_required_before_execution
L1_WHARTON_MIRTH_001,L1_PG_HELD_OUT_NARRATIVE_2026_07_02,American early twentieth-century fiction,"Edith Wharton, The House of Mirth","Project Gutenberg eBook #284, English public-domain edition",English,frozen_packet_text_layer_normalized_from_retrieved_project_gutenberg_lines,not_applicable,Original English text from Project Gutenberg public-domain edition,Lily Bart evaluates Percy Gryce and social constraint,274 words,focal interior reflection plus immediate social-material contrast,no,no,none_known,no_known_prior_analysis,title_general_cultural_familiarity_only,yes,selected,,"Eligible under frozen packet, rights, and identical text-layer rules; retained because eligible count matched target layer size after exclusions, without anticipated labels.",author-assisted internal selection,2026-07-02T12:00:00+10:00,no friction_locus labels inferred or used,public_domain_us_project_gutenberg_or_public_domain_translation,Project Gutenberg public-domain source text or public-domain translation cited; source-specific rights review still required before public redistribution outside study review.,2026-07-02,606505e6d8076c8b5b999973cc17ad111cd2d38e8f604620154b7637b25b6346,data/studies/human_llm_pilot/source_packets/L1_WHARTON_MIRTH_001.json,Selected before human coding and before model execution; model familiarity is not knowable and is not claimed absent.,selected,,,author_confirmation_required_before_execution
L1_COLLINS_MOONSTONE_001,L1_PG_HELD_OUT_NARRATIVE_2026_07_02,Victorian sensation fiction,"Wilkie Collins, The Moonstone","Project Gutenberg eBook #155, English public-domain edition",English,frozen_packet_text_layer_normalized_from_retrieved_project_gutenberg_lines,not_applicable,Original English text from Project Gutenberg public-domain edition,Paint stain evidence reorients the Moonstone inquiry,189 words,focal evidence discovery plus remembered inference,no,no,none_known,no_known_prior_analysis,title_general_cultural_familiarity_only,yes,selected,,"Eligible under frozen packet, rights, and identical text-layer rules; retained because eligible count matched target layer size after exclusions, without anticipated labels.",author-assisted internal selection,2026-07-02T12:00:00+10:00,no friction_locus labels inferred or used,public_domain_us_project_gutenberg_or_public_domain_translation,Project Gutenberg public-domain source text or public-domain translation cited; source-specific rights review still required before public redistribution outside study review.,2026-07-02,88fc0226132892838989602f29db7daa1ac59e411bc5c90b1ee47e9e44a6be73,data/studies/human_llm_pilot/source_packets/L1_COLLINS_MOONSTONE_001.json,Selected before human coding and before model execution; model familiarity is not knowable and is not claimed absent.,selected,,,author_confirmation_required_before_execution
L1_CONRAD_SECRET_001,L1_PG_HELD_OUT_NARRATIVE_2026_07_02,Modernist maritime fiction,"Joseph Conrad, The Secret Sharer","Project Gutenberg eBook #220, English public-domain edition",English,frozen_packet_text_layer_normalized_from_retrieved_project_gutenberg_lines,not_applicable,Original English text from Project Gutenberg public-domain edition,Captain conceals and recognizes the secret sharer,429 words,focal concealment sequence plus self-observation context,no,no,none_known,no_known_prior_analysis,title_general_cultural_familiarity_only,yes,selected,,"Eligible under frozen packet, rights, and identical text-layer rules; retained because eligible count matched target layer size after exclusions, without anticipated labels.",author-assisted internal selection,2026-07-02T12:00:00+10:00,no friction_locus labels inferred or used,public_domain_us_project_gutenberg_or_public_domain_translation,Project Gutenberg public-domain source text or public-domain translation cited; source-specific rights review still required before public redistribution outside study review.,2026-07-02,ddf68422a3cd9832cd4e18cd002aaddde0494c9694a1ee7fa0da5390adf99dc0,data/studies/human_llm_pilot/source_packets/L1_CONRAD_SECRET_001.json,Selected before human coding and before model execution; model familiarity is not knowable and is not claimed absent.,selected,,,author_confirmation_required_before_execution
L2_HOMER_ODYSSEY_001,L2_CLASSICAL_TRANSFER_PD_TRANSLATIONS_2026_07_02,Ancient Greek epic in public-domain English translation,"Homer, The Odyssey","Project Gutenberg eBook #1727, Samuel Butler translation",English translation from Ancient Greek,frozen_packet_text_layer_normalized_from_retrieved_project_gutenberg_lines,authoritative_working_translation_for_study_packet,Samuel Butler public-domain English translation via Project Gutenberg,Odysseus gives Polyphemus the name Noman,115 words,focal deception exchange plus immediate response,no,no,none_known,no_known_prior_analysis,title_general_cultural_familiarity_only,yes,selected,,"Eligible under frozen packet, rights, and identical text-layer rules; retained because eligible count matched target layer size after exclusions, without anticipated labels.",author-assisted internal selection,2026-07-02T12:00:00+10:00,no friction_locus labels inferred or used,public_domain_us_project_gutenberg_or_public_domain_translation,Project Gutenberg public-domain source text or public-domain translation cited; source-specific rights review still required before public redistribution outside study review.,2026-07-02,1d2781556f6b9be194373c7758ff4bff9b4044d517b3cda0a3b55a6578295511,data/studies/human_llm_pilot/source_packets/L2_HOMER_ODYSSEY_001.json,Selected before human coding and before model execution; model familiarity is not knowable and is not claimed absent.,selected,,,author_confirmation_required_before_execution
L2_SOPHOCLES_ANTIGONE_001,L2_CLASSICAL_TRANSFER_PD_TRANSLATIONS_2026_07_02,Ancient Greek tragedy in public-domain English translation,"Sophocles, Antigone","Project Gutenberg eBook #31, public-domain English translation",English translation from Ancient Greek,frozen_packet_text_layer_normalized_from_retrieved_project_gutenberg_lines,public_domain_working_translation_for_study_packet,Public-domain English translation via Project Gutenberg,Antigone distinguishes divine law from Creon’s decree,97 words,focal defense speech plus immediate legal-religious contrast,no,no,none_known,no_known_prior_analysis,title_general_cultural_familiarity_only,yes,selected,,"Eligible under frozen packet, rights, and identical text-layer rules; retained because eligible count matched target layer size after exclusions, without anticipated labels.",author-assisted internal selection,2026-07-02T12:00:00+10:00,no friction_locus labels inferred or used,public_domain_us_project_gutenberg_or_public_domain_translation,Project Gutenberg public-domain source text or public-domain translation cited; source-specific rights review still required before public redistribution outside study review.,2026-07-02,44717822941f4e8fd7c08f067795c0f99e8a866fd54e0aa066d46950b980df09,data/studies/human_llm_pilot/source_packets/L2_SOPHOCLES_ANTIGONE_001.json,Selected before human coding and before model execution; model familiarity is not knowable and is not claimed absent.,selected,,,author_confirmation_required_before_execution
L2_HERODOTUS_SCYTHIAN_001,L2_CLASSICAL_TRANSFER_PD_TRANSLATIONS_2026_07_02,Ancient Greek historiography in public-domain English translation,"Herodotus, The Histories","Project Gutenberg eBook #2707, George Rawlinson translation",English translation from Ancient Greek,frozen_packet_text_layer_normalized_from_retrieved_project_gutenberg_lines,public_domain_working_translation_for_study_packet,George Rawlinson public-domain English translation via Project Gutenberg,Dareios and Gobryas interpret the Scythian gifts,266 words,focal sign-interpretation episode plus competing readings,no,no,none_known,no_known_prior_analysis,title_general_cultural_familiarity_only,yes,selected,,"Eligible under frozen packet, rights, and identical text-layer rules; retained because eligible count matched target layer size after exclusions, without anticipated labels.",author-assisted internal selection,2026-07-02T12:00:00+10:00,no friction_locus labels inferred or used,public_domain_us_project_gutenberg_or_public_domain_translation,Project Gutenberg public-domain source text or public-domain translation cited; source-specific rights review still required before public redistribution outside study review.,2026-07-02,dcd190447123e3e10e5ac07ce956b9f9e574d97d235bee3a8b525cbe293307a0,data/studies/human_llm_pilot/source_packets/L2_HERODOTUS_SCYTHIAN_001.json,Selected before human coding and before model execution; model familiarity is not knowable and is not claimed absent.,selected,,,author_confirmation_required_before_execution
L2_BIBLE_GENESIS_001,L2_CLASSICAL_TRANSFER_PD_TRANSLATIONS_2026_07_02,Biblical narrative in public-domain English translation,"Genesis, King James Version","Project Gutenberg eBook #10, King James Version Old Testament text",English translation from Biblical Hebrew,frozen_packet_text_layer_normalized_from_retrieved_project_gutenberg_lines,public_domain_working_translation_for_study_packet,King James Version public-domain English translation via Project Gutenberg,Isaac asks about the missing lamb,111 words,focal question-answer exchange plus immediate sacrificial context,no,no,none_known,no_known_prior_analysis,title_general_cultural_familiarity_only,yes,selected,,"Eligible under frozen packet, rights, and identical text-layer rules; retained because eligible count matched target layer size after exclusions, without anticipated labels.",author-assisted internal selection,2026-07-02T12:00:00+10:00,no friction_locus labels inferred or used,public_domain_us_project_gutenberg_or_public_domain_translation,Project Gutenberg public-domain source text or public-domain translation cited; source-specific rights review still required before public redistribution outside study review.,2026-07-02,aab83d09bebf1f2f8e98ea81642eeac68432650eb46cfe2720aa4ea147833cd3,data/studies/human_llm_pilot/source_packets/L2_BIBLE_GENESIS_001.json,Selected before human coding and before model execution; model familiarity is not knowable and is not claimed absent.,selected,,,author_confirmation_required_before_execution
L2_BIBLE_SAMUEL_001,L2_CLASSICAL_TRANSFER_PD_TRANSLATIONS_2026_07_02,Biblical narrative in public-domain English translation,"2 Samuel, King James Version","Project Gutenberg eBook #10, King James Version Old Testament text",English translation from Biblical Hebrew,frozen_packet_text_layer_normalized_from_retrieved_project_gutenberg_lines,public_domain_working_translation_for_study_packet,King James Version public-domain English translation via Project Gutenberg,Nathan applies the parable to David,112 words,focal parable application plus immediate divine indictment,no,no,none_known,no_known_prior_analysis,title_general_cultural_familiarity_only,yes,selected,,"Eligible under frozen packet, rights, and identical text-layer rules; retained because eligible count matched target layer size after exclusions, without anticipated labels.",author-assisted internal selection,2026-07-02T12:00:00+10:00,no friction_locus labels inferred or used,public_domain_us_project_gutenberg_or_public_domain_translation,Project Gutenberg public-domain source text or public-domain translation cited; source-specific rights review still required before public redistribution outside study review.,2026-07-02,431f1405348ebe23f5fd8f31f367afc02312c998f2ff2389ebba1c6f7713fbb6,data/studies/human_llm_pilot/source_packets/L2_BIBLE_SAMUEL_001.json,Selected before human coding and before model execution; model familiarity is not knowable and is not claimed absent.,selected,,,author_confirmation_required_before_execution
L2_AESOP_001,L2_CLASSICAL_TRANSFER_PD_TRANSLATIONS_2026_07_02,Fable in public-domain English translation,"Aesop, The Fox and the Grapes","Project Gutenberg eBook #21, Three Hundred Aesop’s Fables",English translation from Greek/Latin fable tradition,frozen_packet_text_layer_normalized_from_retrieved_project_gutenberg_lines,public_domain_working_translation_for_study_packet,Public-domain English Aesop edition via Project Gutenberg,The fox reinterprets unreachable grapes,61 words,complete short fable passage,no,no,none_known,no_known_prior_analysis,prior_casual_reading,yes,selected,,"Eligible under frozen packet, rights, and identical text-layer rules; retained because eligible count matched target layer size after exclusions, without anticipated labels.",author-assisted internal selection,2026-07-02T12:00:00+10:00,no friction_locus labels inferred or used,public_domain_us_project_gutenberg_or_public_domain_translation,Project Gutenberg public-domain source text or public-domain translation cited; source-specific rights review still required before public redistribution outside study review.,2026-07-02,ddc09da520ef44cade680d9328129c75a071426454442819c56d5efadbccc467,data/studies/human_llm_pilot/source_packets/L2_AESOP_001.json,Selected before human coding and before model execution; model familiarity is not knowable and is not claimed absent.,selected,,,author_confirmation_required_before_execution
L2_OVID_DAPHNE_001,L2_CLASSICAL_TRANSFER_PD_TRANSLATIONS_2026_07_02,Roman mythological narrative in public-domain English translation,"Ovid, Metamorphoses, Daphne episode","Project Gutenberg eBook #21765, The Metamorphoses of Ovid, Books I-VII",English translation from Latin,frozen_packet_text_layer_normalized_from_retrieved_project_gutenberg_lines,public_domain_working_translation_for_study_packet,Public-domain English translation via Project Gutenberg,Daphne’s prayer and transformation,245 words,focal transformation plus immediate pursuit context,no,no,none_known,no_known_prior_analysis,title_general_cultural_familiarity_only,yes,selected,,"Eligible under frozen packet, rights, and identical text-layer rules; retained because eligible count matched target layer size after exclusions, without anticipated labels.",author-assisted internal selection,2026-07-02T12:00:00+10:00,no friction_locus labels inferred or used,public_domain_us_project_gutenberg_or_public_domain_translation,Project Gutenberg public-domain source text or public-domain translation cited; source-specific rights review still required before public redistribution outside study review.,2026-07-02,16637ccfbc68746be0b7d397294b8d4fea2097f7a376d0e91ebf50058d8f92a2,data/studies/human_llm_pilot/source_packets/L2_OVID_DAPHNE_001.json,Selected before human coding and before model execution; model familiarity is not knowable and is not claimed absent.,selected,,,author_confirmation_required_before_execution
L2_MALORY_MORTE_001,L2_CLASSICAL_TRANSFER_PD_TRANSLATIONS_2026_07_02,Medieval romance in public-domain English,"Thomas Malory, Le Morte d’Arthur","Project Gutenberg eBook #1251, Le Morte d’Arthur: Volume 1",English/Middle English public-domain edition,frozen_packet_text_layer_normalized_from_retrieved_project_gutenberg_lines,public_domain_working_text,Public-domain English/Middle English edition via Project Gutenberg,The sword in the stone identifies rightful kingship,218 words,focal inscription plus immediate trial context,no,no,none_known,no_known_prior_analysis,title_general_cultural_familiarity_only,yes,selected,,"Eligible under frozen packet, rights, and identical text-layer rules; retained because eligible count matched target layer size after exclusions, without anticipated labels.",author-assisted internal selection,2026-07-02T12:00:00+10:00,no friction_locus labels inferred or used,public_domain_us_project_gutenberg_or_public_domain_translation,Project Gutenberg public-domain source text or public-domain translation cited; source-specific rights review still required before public redistribution outside study review.,2026-07-02,a645678ce59e01b95ed7f3eb73a222579d0d463121c7d0e7088422ea90b8cb97,data/studies/human_llm_pilot/source_packets/L2_MALORY_MORTE_001.json,Selected before human coding and before model execution; model familiarity is not knowable and is not claimed absent.,selected,,,author_confirmation_required_before_execution
L2_BEOWULF_DRAGON_001,L2_CLASSICAL_TRANSFER_PD_TRANSLATIONS_2026_07_02,Old English epic in public-domain English translation,Beowulf,"Project Gutenberg eBook #16328, Francis B. Gummere translation",English translation from Old English,frozen_packet_text_layer_normalized_from_retrieved_project_gutenberg_lines,public_domain_working_translation_for_study_packet,Francis B. Gummere public-domain English translation via Project Gutenberg,Beowulf compares dragon combat with Grendel combat,76 words,focal boast and weapon-choice passage,no,no,none_known,no_known_prior_analysis,title_general_cultural_familiarity_only,yes,selected,,"Eligible under frozen packet, rights, and identical text-layer rules; retained because eligible count matched target layer size after exclusions, without anticipated labels.",author-assisted internal selection,2026-07-02T12:00:00+10:00,no friction_locus labels inferred or used,public_domain_us_project_gutenberg_or_public_domain_translation,Project Gutenberg public-domain source text or public-domain translation cited; source-specific rights review still required before public redistribution outside study review.,2026-07-02,903ec8fb2700929fa3934fe415a90a62ddeb16faeea41f0a13a67a7fa3e9784e,data/studies/human_llm_pilot/source_packets/L2_BEOWULF_DRAGON_001.json,Selected before human coding and before model execution; model familiarity is not knowable and is not claimed absent.,selected,,,author_confirmation_required_before_execution
L2_ARABIAN_NIGHTS_001,L2_CLASSICAL_TRANSFER_PD_TRANSLATIONS_2026_07_02,Frame narrative in public-domain English translation,"The Arabian Nights Entertainments, frame tale of Scheherazade","Project Gutenberg eBook #128, The Arabian Nights Entertainments",English translation from Arabic/Persian narrative tradition,frozen_packet_text_layer_normalized_from_retrieved_project_gutenberg_lines,public_domain_working_translation_for_study_packet,Public-domain English translation via Project Gutenberg,Scheherazade begins the frame-tale strategy,172 words,focal first-night request plus story opening,no,no,none_known,no_known_prior_analysis,no_known_prior_reading,yes,selected,,"Eligible under frozen packet, rights, and identical text-layer rules; retained because eligible count matched target layer size after exclusions, without anticipated labels.",author-assisted internal selection,2026-07-02T12:00:00+10:00,no friction_locus labels inferred or used,public_domain_us_project_gutenberg_or_public_domain_translation,Project Gutenberg public-domain source text or public-domain translation cited; source-specific rights review still required before public redistribution outside study review.,2026-07-02,4bc1a0424344ee3961d3bd9621d580ab4207a2b0043cc91d6cc9426ca1725e90,data/studies/human_llm_pilot/source_packets/L2_ARABIAN_NIGHTS_001.json,Selected before human coding and before model execution; model familiarity is not knowable and is not claimed absent.,selected,,,author_confirmation_required_before_execution
L1_SHAKESPEARE_HAMLET_EXCL_001,L1_PG_HELD_OUT_NARRATIVE_2026_07_02,English drama,"William Shakespeare, Hamlet",Project Gutenberg public-domain Shakespeare edition,English,not_packetized,not_applicable,Original English play text in public-domain edition,Closet scene and ghost reappearance,context exceeds 600 words without distorting scene,scene-level context required,no,no,none_known,no_known_prior_analysis,prior_casual_reading,no,excluded,EXCL_CONTEXT_TOO_LARGE,The interpretive unit depends on a full dramatic scene and surrounding plot state; shortening would make the packet unstable.,author-assisted internal selection,2026-07-02T12:00:00+10:00,no friction_locus labels inferred or used,public_domain_us,Public-domain Shakespeare text; exact packet not created because context rule failed,2026-07-02,6d68ebb51d3e9beb269931cb5f54ba5393a1ad010137789f6e346c6593d3ae3a,,Excluded before labels or friction-locus coding.,ineligible,EXCL_CONTEXT_TOO_LARGE,,author_confirmation_required_before_execution
L1_AUSTEN_EMMA_EXCL_001,L1_PG_HELD_OUT_NARRATIVE_2026_07_02,English nineteenth-century fiction,"Jane Austen, Emma",Project Gutenberg eBook #158,English,not_packetized,not_applicable,Original English text from Project Gutenberg public-domain edition,Box Hill rebuke,approximately 160 words,focal rebuke plus adjacent dialogue,no,no,none_known,no_known_prior_analysis,prior_casual_reading,yes,not_selected,,Eligible but not selected because another Austen social-judgment passage already represents this pre-label structural niche.,author-assisted internal selection,2026-07-02T12:00:00+10:00,no friction_locus labels inferred or used,public_domain_us_project_gutenberg,Project Gutenberg public-domain notice for United States use,2026-07-02,980807c9017e29de520e6b3be4b7ff998e951dfbb308199fd516350d54be5fab,,"Not selected for source-diversity balance, not because of expected label.",eligible_not_selected,,NOT_SELECTED_DUPLICATE_STRUCTURE,author_confirmation_required_before_execution
L1_DICKENS_TOTC_EXCL_001,L1_PG_HELD_OUT_NARRATIVE_2026_07_02,Victorian fiction,"Charles Dickens, A Tale of Two Cities",Project Gutenberg eBook #98,English,not_packetized,not_applicable,Original English text from Project Gutenberg public-domain edition,Carton substitution closing sequence,context exceeds 600 words when self-contained,closing chapter context required,no,no,none_known,no_known_prior_analysis,title_general_cultural_familiarity_only,no,excluded,EXCL_CONTEXT_TOO_LARGE,The selected episode requires extensive prior plot identity context to avoid secondary explanation.,author-assisted internal selection,2026-07-02T12:00:00+10:00,no friction_locus labels inferred or used,public_domain_us_project_gutenberg,Project Gutenberg public-domain notice for United States use,2026-07-02,960cc3a1ed420c6d55de2725a1cf7c54c5fbf277129a584d8b9f627c7d159109,,Excluded before labels or friction-locus coding.,ineligible,EXCL_CONTEXT_TOO_LARGE,,author_confirmation_required_before_execution
L2_MAHABHARATA_EXCL_001,L2_CLASSICAL_TRANSFER_PD_TRANSLATIONS_2026_07_02,Sanskrit epic in English translation,The Mahabharata,Public-domain English translation candidate,English translation from Sanskrit,not_packetized,translation_status_unresolved_for_selected_span,Candidate translations differ materially; exact passage version not frozen,Draupadi assembly question,context may exceed packet limit,large legal-dialogic context,no,no,none_known,no_known_prior_analysis,title_general_cultural_familiarity_only,no,excluded,EXCL_TRANSLATION_UNRESOLVED,Available translations and passage boundaries were not resolved enough for a direct human-model packet freeze.,author-assisted internal selection,2026-07-02T12:00:00+10:00,no friction_locus labels inferred or used,rights_unresolved_for_selected_translation,Would require edition-specific rights and translation review before selection,2026-07-02,944797459d83079b94019918f9f121490b7cd30cf8f5fb18552554a77e41b52c,,Excluded because packet could not be frozen without translation review.,ineligible,EXCL_TRANSLATION_UNRESOLVED,,author_confirmation_required_before_execution
L2_PLUTARCH_EXCL_001,L2_CLASSICAL_TRANSFER_PD_TRANSLATIONS_2026_07_02,Greek/Roman biography in public-domain English translation,"Plutarch, Lives",Public-domain English translation candidate,English translation from Ancient Greek,not_packetized,public_domain_translation_candidate,"Public-domain translation candidate, exact passage not finalized",Caesar and omens before assassination,context too broad for packet rule,multiple anecdote clusters required,no,no,none_known,no_known_prior_analysis,title_general_cultural_familiarity_only,no,excluded,EXCL_CONTEXT_TOO_LARGE,The interpretive episode required several separated anecdote blocks; a short packet would over-select context.,author-assisted internal selection,2026-07-02T12:00:00+10:00,no friction_locus labels inferred or used,public_domain_candidate,Would require exact edition record if selected,2026-07-02,d007d5557c6b03bbc424dec9482d36a6934c7b1efb2848e6841621454ae24082,,Excluded before labels or friction-locus coding.,ineligible,EXCL_CONTEXT_TOO_LARGE,,author_confirmation_required_before_execution
